gen,mod,student,instructor,word_count,mean_word_length,different_words,valid_sentences_count,mean_words_per_sentence,mean_different_words_per_bucket,FleschReadingEase,FleschKincaidGradeLevel,GunningFogIndex,SMOGIndex,ColemanLiauIndex,LIX,RIX
gen2,mod1_pro,moralesam,mdrlp,5197,4.885126034250529,1315,143,35.88811188811189,62.40677966101695,49.938,14.2437,18.1076,14.344301733389402,12.248,60.238157053842464,9.022727272727273
gen3,mod1_pro,martinezmdj,ado,5055,4.422551928783383,929,85,59.38823529411765,58.964285714285715,25.1551,24.6564,27.991,16.45446867299959,10.1403,81.84142154350722,12.920454545454545
gen3,mod1_pro,dominguezpe,nss,12240,4.704901960784314,1834,651,17.94009216589862,59.157534246575345,67.0145,7.6386,11.2289,10.845684821481246,10.5855,40.38469179250001,3.8751472320376914
gen3,mod1_pro,lopezca,grp,4000,5.01825,1026,135,29.57777777777778,62.75555555555555,39.963,15.1381,18.0311,14.786137767659975,13.1721,60.22878579587035,9.065217391304348
gen3,mod1_pro,fragosomdca,rias,7181,4.718005848767581,1126,320,22.140625,59.85,62.2021,9.8004,13.1201,11.6290111713344,10.3744,45.489977465029206,5.14404432132964
gen3,mod3_pro,parrillacp,rsp,19764,5.073618700667881,2112,985,19.836548223350253,58.900862068965516,51.5247,10.5444,14.0293,12.839873205135358,12.5304,49.98483327918314,5.875451263537906
gen3,mod1_pro,martinezmm,ado,6558,5.000457456541628,1469,316,19.82278481012658,58.51898734177215,64.5369,7.7357,10.8086,10.495096436219836,10.7824,42.10059941074876,3.9862745098039216
gen2,mod3_pro,suarezja,rsp,18622,5.142143700998819,2913,916,20.050218340611355,58.310810810810814,54.979,10.311,13.7136,12.364193681256847,14.044,49.85332399351141,5.876699909338169
gen2,mod3_pro,rosiquela,mdrlp,15980,5.203817271589487,2419,803,19.158156911581568,54.33658536585366,59.3524,8.7073,12.3181,11.663244973536335,13.2437,46.79647771412407,4.903281519861831
gen3,mod3_pro,gonzalezjp,grdlr,9547,4.97674662197549,1728,459,20.455337690631808,58.95614035087719,63.9276,8.566,12.0452,11.272325703755843,11.7362,44.598130078006534,4.73202614379085
gen3,mod3_pro,rodriguezv,mdrlp,5566,5.061444484369385,1054,267,20.636704119850187,57.21875,50.6738,10.9115,13.667,12.366840711682503,13.3501,51.011264951594605,6.118032786885246
gen3,mod3_pro,ruizg,mdrlp,16891,4.9203717956308095,2527,744,22.147849462365592,59.25257731958763,56.7559,10.3116,13.9359,12.54488924578414,11.3623,47.56943405634505,5.546875
gen2,mod1_pro,palominogl,grdlr,7253,4.812353508892872,1421,322,22.341614906832298,59.926829268292686,62.0433,10.0709,13.8993,12.233559481026544,10.9286,48.111613373514324,5.755747126436781
gen3,mod3_pro,villedal,grdlr,11047,5.183398207658188,1828,419,25.86873508353222,59.74809160305343,54.8703,11.3199,15.0212,13.123758901543336,14.126,54.16041636643794,7.2034220532319395
gen3,mod1_pro,vazquezb,grp,1643,4.866098600121728,544,56,29.339285714285715,61.666666666666664,42.7906,14.7437,17.6116,14.386081729148845,11.3786,59.44125258799171,8.821428571428571
gen3,mod3_pro,ruizjf,rias,10326,4.859287236103041,1877,423,24.04964539007092,62.7,58.9624,10.2522,13.9041,12.471704868535273,11.4373,48.56673201649009,5.831739961759082
gen3,mod1_pro,sotoa,grp,7681,4.866033068610858,1299,296,25.77364864864865,62.50588235294118,50.9392,12.1166,15.2051,13.130960647261622,11.4504,52.17982819381603,6.778787878787878
gen2,mod3_pro,sanchezm,rias,12802,4.734338384627402,1627,645,19.49922480620155,57.86666666666667,64.9529,8.6714,11.9482,11.157584491683542,11.0733,44.469396174856314,4.817938420348059
gen2,mod1_pro,moguelcg,cva,4770,4.981341719077568,1156,161,29.012422360248447,57.90909090909091,51.8389,11.7427,15.2754,13.323708024175279,11.8881,52.15464864580352,6.728070175438597
gen3,mod3_pro,floressd,rsp,19575,4.99044699872286,1927,844,23.05924170616114,56.575221238938056,49.6745,12.0446,15.5972,13.55351372682951,12.8785,53.38729715054593,7.004405286343612
gen2,mod3_pro,whitem,rsp,18046,4.689349440319185,2806,1002,17.70758483033932,61.11374407582938,68.8312,7.6336,11.3406,10.791133061754556,9.9074,40.233080576566785,3.907268170426065
gen2,mod3_pro,quezadaa,grdlr,16889,4.789211913079519,2142,1009,16.41526263627354,61.09183673469388,66.4085,7.7231,11.2548,10.918847816757218,11.2137,42.21277556613358,4.184925503943909
gen3,mod1_pro,navarretej,mdrlp,6022,4.6262039189638,1130,209,28.641148325358852,58.86764705882353,52.828,12.8469,16.023,13.085163673227592,10.3735,51.84326897027313,6.671052631578948
gen3,mod3_pro,arzatet,grdlr,9152,5.209243881118881,2008,452,19.966814159292035,60.58490566037736,52.6689,10.6332,13.8465,12.511315170840978,12.5817,50.26150264984953,5.976744186046512
gen2,mod3_pro,jimenezm,rsp,8323,5.279826985461973,1358,410,19.848780487804877,57.57425742574257,59.2667,9.4645,13.2725,12.209109202723807,12.5767,48.44662116000286,5.553846153846154
gen2,mod3_pro,roblesjc,rias,13951,4.703175399612931,2451,313,43.97444089456869,61.161490683229815,49.4827,15.7977,19.9159,14.73472214002972,12.3005,63.40695078640284,9.528395061728395
gen2,mod3_pro,omezeg,rsp,15586,5.0063518542281535,2374,819,18.68742368742369,58.345360824742265,51.6572,10.2775,13.5116,12.35263261847686,12.4601,46.33389085142714,5.031860226104831
gen2,mod3_pro,zepedagg,rias,11413,4.777884868132831,1870,587,19.16695059625213,62.0,64.8075,8.9401,12.4439,11.35648067255404,10.369,44.45765179593897,4.850769230769231
gen2,mod1_pro,mayam,rsp,5881,5.492943376976704,1320,282,20.5531914893617,59.285714285714285,43.1887,11.7071,14.865,13.316012715346723,15.0474,55.71816323114562,6.887573964497041
gen3,mod1_pro,vazquezbs,mdrlp,4960,5.130645161290323,1159,244,19.733606557377048,60.3,55.5313,9.2403,12.3406,11.645223212448801,12.6272,46.26108076966413,4.800578034682081
gen2,mod1_pro,oteroad,grp,4476,4.861930294906166,1013,165,27.024242424242424,60.84,52.8967,12.3404,16.0109,13.598563367482663,12.0547,54.066532180037925,7.306818181818182
gen3,mod3_pro,perezb,ado,12951,5.1026947726044325,2142,514,25.060311284046694,60.817567567567565,46.2186,13.0235,16.712,14.4089804612347,17.0047,56.052637969765044,7.8076923076923075
gen3,mod3_pro,deleonle,nss,19353,5.128972252363974,2601,889,21.598425196850393,60.39545454545455,50.0831,11.4907,14.5198,12.909100827727212,13.0967,52.51879575665847,6.658738366080662
gen2,mod3_pro,valenciahm,cva,11366,4.961551997184586,2130,571,19.455341506129596,57.38405797101449,61.5381,9.1477,12.7217,11.695124341830008,11.6088,45.30462937479671,4.938040345821325
gen3,mod3_pro,garciafj,grp,9194,4.806721775070698,1639,373,24.632707774798927,61.407766990291265,50.3534,12.4467,15.3498,13.088468086330673,11.4467,51.03790804024463,6.5119363395225465
gen2,mod1_pro,navarrorm,rsp,4554,4.96157224418094,1292,214,21.009345794392523,60.735849056603776,56.308,10.374,14.3563,12.92921001984837,11.5588,48.8506423875905,5.825726141078838
gen2,mod3_pro,hernandezl,nsrh,12798,4.9641350210970465,1756,614,20.423452768729643,60.91891891891892,61.582,9.1416,12.8198,11.92796781308732,12.022,46.97541292165319,5.307284768211921
gen2,mod3_pro,hinojosas,cva,2889,4.494980962270682,746,129,22.015503875968992,51.65714285714286,80.4427,7.0077,12.6243,11.476808799610247,8.8859,44.244574434945136,4.874251497005988
gen2,mod3_pro,ceballosi,cva,16360,4.353056234718826,1905,429,37.764568764568764,57.78191489361702,54.0403,14.1683,17.922,13.557963261694658,9.8534,55.901520731453715,7.398039215686275
gen2,mod3_pro,palominogl,grdlr,12681,4.864758299818626,1906,593,21.047217537942664,59.16326530612245,62.331,9.534,13.0334,11.834258183178644,11.0387,46.765434376909106,5.394117647058824
gen2,mod3_pro,romanb,rsp,14984,5.114255205552589,2010,775,18.68258064516129,57.077777777777776,62.7199,7.9891,11.8374,11.319161212031403,11.2594,43.75799050658972,4.284960422163588
gen3,mod1_pro,quezadama,ado,3605,5.271567267683772,1097,102,35.127450980392155,62.926829268292686,33.2983,16.813,20.0677,16.126602466277873,14.1106,66.28385501967514,10.982905982905983
gen3,mod1_pro,contrerasa,grdlr,5078,5.016738873572272,1176,237,21.122362869198312,59.28813559322034,57.0275,10.2737,13.5011,12.156754547663372,11.8096,48.49465866985694,5.725274725274725
gen2,mod3_pro,santoyoe,grdlr,10285,4.865629557608167,1766,370,27.583783783783783,57.5,54.5263,12.61,17.1865,14.224329687027057,13.1909,56.39043111486731,7.949519230769231
gen3,mod1_pro,benavidesca,nss,8962,5.32660120508815,2107,374,22.815508021390375,59.757009345794394,46.7842,10.7087,14.5718,13.184232566316625,13.133,50.318969057568026,5.651591289782244
gen3,mod1_pro,gonzalezd,grdlr,3599,5.141706029452625,1028,151,23.364238410596027,62.146341463414636,50.3072,11.4595,14.4798,12.895053709408955,13.237,53.48378642851519,6.873626373626373
gen3,mod1_pro,torresd,grp,6246,5.016170349023375,1114,296,20.83108108108108,57.84931506849315,58.8488,10.0197,13.8493,12.505581680573442,11.5842,48.892073803918315,5.827893175074184
gen2,mod1_pro,ucop,grdlr,5945,4.731034482758621,1277,160,36.4875,62.130434782608695,55.526,12.4705,16.3037,13.50766191424665,11.6953,53.460864103025614,7.100456621004566
gen3,mod3_pro,tellor,rias,15223,4.983117650922946,1882,561,26.614973262032084,58.10674157303371,51.4209,11.801,14.9568,12.997863019528971,12.7245,52.71658907814458,6.844729344729345
gen2,mod3_pro,fragosol,ado,4868,5.415776499589153,1376,228,20.92105263157895,60.24561403508772,41.7771,11.904,15.2122,13.664942906281524,14.5478,53.781725360874354,6.597122302158273
gen2,mod1_pro,jimenezm,rsp,5375,5.0829767441860465,1127,238,22.34873949579832,61.0,58.5313,10.0639,13.7992,12.549641468343879,12.2477,51.17302462040105,6.333333333333333
gen2,mod3_pro,navarrorm,rsp,4948,4.724130962004851,1034,328,13.625,55.78688524590164,78.1526,4.5945,8.8643,9.271253615356919,9.0096,32.94800552033964,2.2897526501766783
gen3,mod3_pro,rivasle,grdlr,10135,5.226245683275777,1588,579,17.1433506044905,60.794871794871796,59.4631,9.1887,13.287,12.127901405624211,12.8057,49.65486662149539,5.570796460176991
gen2,mod1_pro,ruelasji,rias,3168,4.701388888888889,893,180,17.272222222222222,60.861111111111114,69.1719,7.8345,11.5785,10.859605525392373,9.8306,41.12899392789214,4.1182266009852215
gen2,mod1_pro,chavezfr,cva,4015,5.002988792029888,964,143,27.72027972027972,59.87234042553192,51.5901,12.5227,15.5887,13.216225207239216,11.9936,55.10792346987204,7.586826347305389
gen3,mod1_pro,velascoep,grp,5237,4.706893259499713,1068,163,31.98159509202454,64.7719298245614,50.3481,13.938,17.6705,14.241855289267319,10.79,57.7307466615425,8.235632183908047
gen3,mod1_pro,deaquinov,grdlr,4021,4.938572494404377,1067,147,26.993197278911566,61.26086956521739,53.0934,12.0646,15.4747,13.263958164826196,11.5531,53.25724866804737,7.0813953488372094
gen3,mod1_pro,garciame,nss,7639,4.986123838198717,1651,346,21.916184971098264,59.359550561797754,51.5346,11.2883,14.0758,12.67671504262539,12.5605,51.61377315223842,6.514824797843666
gen2,mod1_pro,roblesjc,rias,6945,4.707847372210223,1749,156,44.166666666666664,64.06410256410257,41.8272,17.3624,21.2573,15.679150979668055,10.8595,64.9919470749829,9.875
gen2,mod3_pro,martinezrm,grp,27567,4.988718395182646,2434,1668,15.938249400479616,57.85502958579882,66.8384,7.4147,11.5945,11.030164793945135,11.7552,43.09492970795564,4.123857404021938
gen3,mod1_pro,bautistae,nss,7752,5.119840041279669,1833,287,26.54006968641115,61.55681818181818,48.5862,11.9479,15.2987,13.56942321899925,12.6407,52.822263854937916,6.8535911602209945
gen2,mod1_pro,suarezja,rsp,4338,5.228907330567082,1161,202,21.252475247524753,61.395833333333336,46.2601,11.7755,14.2323,12.699430259990585,13.2479,53.88182362093947,6.793859649122807
gen2,mod3_pro,ruizv,rsp,17872,5.037488809310654,2493,569,31.133567662565905,60.911764705882355,43.8956,14.3412,17.8162,14.666847314158904,12.6007,58.941073383410256,8.684370257966616
gen2,mod1_pro,acevesj,cva,4356,5.2513774104683195,1005,160,26.3625,58.372549019607845,49.3336,11.3468,14.4058,12.841414952935482,13.3142,53.53557854651891,6.728448275862069
gen2,mod1_pro,diazvm,mdrlp,8278,4.948417492147862,1339,394,20.741116751269036,55.02970297029703,65.3155,9.1177,13.3587,12.072079782439491,11.3203,47.13260005335678,5.458333333333333
gen3,mod1_pro,floresg,grdlr,6158,5.035401104254628,1534,323,18.761609907120743,61.736111111111114,54.3036,9.6599,12.7391,11.988824676906596,12.025,47.61358967383657,5.203608247422681
gen3,mod1_pro,ruizg,mdrlp,7886,4.849353284301293,1634,325,23.907692307692308,60.111111111111114,55.1649,11.2788,14.271,12.370425713316363,11.1337,49.82694859346762,6.173441734417344
gen3,mod1_pro,zaldivarg,rsp,4166,5.173307729236678,1131,199,20.065326633165828,56.34,49.9033,10.2737,13.131,12.187415422769215,12.9542,48.853334716315736,5.372759856630824
gen2,mod1_pro,zataraincd,mdrlp,4846,4.58027238959967,1012,320,14.678125,57.46551724137931,82.2879,5.0114,9.3446,9.364530334346092,8.3728,34.79229067888052,2.8357487922705316
gen3,mod1_pro,deleonle,nss,6544,5.12041564792176,1428,283,22.90459363957597,59.82432432432432,47.4222,12.3587,14.8485,12.914947752009661,13.6809,54.2551836522687,7.2052117263843645
gen3,mod1_pro,jimenezlm,grp,4139,4.807924619473303,909,204,20.205882352941178,56.204081632653065,58.3412,10.3389,13.3561,11.89187384979947,11.9563,47.06188919731288,5.485981308411215
gen2,mod1_pro,troncoc,rias,3681,4.9589785384406415,854,93,39.40860215053763,65.60975609756098,32.3713,18.4329,21.4534,16.08816259067712,13.0563,67.80011276268581,11.23
gen3,mod1_pro,enriquezo,rsp,2211,4.357756671189507,604,55,39.945454545454545,59.24,53.4577,14.9949,18.0152,12.486832980505138,9.5601,58.152312710848406,7.774193548387097
gen2,mod1_pro,avileslm,grdlr,6253,4.88981288981289,1353,255,24.36862745098039,63.405797101449274,53.9523,11.6963,15.3803,13.266121878633932,12.2717,52.42671414237057,6.835205992509363
gen3,mod3_pro,vegai,rias,14052,5.031596925704526,1905,758,18.306068601583114,61.88198757763975,54.8993,9.8253,13.1379,12.22376519168703,12.7136,49.14611259247981,5.592814371257485
gen3,mod3_pro,mezase,rias,16547,5.100320299752221,2234,957,16.912225705329153,58.041666666666664,55.5881,9.4807,12.6533,11.681800820130986,12.0474,45.78773770760507,4.775800711743773
gen2,mod3_pro,gutierrezs,ado,17885,5.01504053676265,1905,813,21.71217712177122,56.93719806763285,64.8169,7.4482,10.8876,10.68655681370533,11.7893,43.77685464304095,4.144989339019189
gen3,mod1_pro,mezase,rias,3575,4.961398601398601,869,204,17.33823529411765,59.15,58.6877,9.0484,12.2845,11.58746140556512,11.235,45.1300262133701,4.748898678414097
gen3,mod1_pro,parrillacp,rsp,5274,5.033560864618885,1099,264,19.71969696969697,57.57142857142857,53.6107,10.2534,13.4451,12.391164993391946,12.2179,49.6820069265818,5.809364548494983
gen2,mod3_pro,lopezg,grp,9418,5.251221066043746,1535,477,19.534591194968552,57.23684210526316,54.7692,10.3403,13.4329,12.332375679954696,13.0474,49.954506004032346,5.9817184643510055
gen3,mod1_pro,diaze,nss,7670,5.091395045632334,1613,409,18.29828850855746,59.604395604395606,59.4734,8.9388,12.0066,11.329600193421014,12.8951,47.57523107523107,5.127413127413128
gen2,mod1_pro,whitem,rsp,5454,4.7004033736707,1282,277,19.55956678700361,65.63333333333334,61.0584,9.2146,11.4952,10.784093091886678,10.4893,44.27265928462289,4.7894736842105265
gen3,mod3_pro,romerog,mdrlp,8629,5.1739483138254725,1615,395,21.265822784810126,55.67619047619048,53.8161,10.4732,13.8843,12.557873255932545,12.5795,49.872995328632214,5.909803921568628
gen2,mod1_pro,villalbadh,mdrlp,9484,4.969527625474483,1454,352,26.65625,62.416666666666664,57.7509,11.4149,15.3656,13.07411558788407,11.3844,53.29494739821673,7.080487804878048
gen2,mod3_pro,coronafm,mdrlp,9597,5.163488590184433,1772,442,21.368778280542987,58.17857142857143,51.3325,11.068,14.3154,12.741860507821192,13.2766,51.315931877413306,6.267307692307693
gen2,mod1_pro,olveramt,grdlr,7457,4.753520182378972,1541,304,24.457236842105264,62.857142857142854,57.0364,11.0177,14.4664,12.585730412697313,11.3932,48.96488875530792,5.979041916167665
gen3,mod1_pro,santiagol,rias,5034,5.144616607071911,1355,212,23.4811320754717,62.40677966101695,47.793,12.0586,14.7524,12.969834018751053,13.3958,51.79247726838088,6.57429718875502
gen3,mod1_pro,rivasle,grdlr,5647,5.191606162564193,1372,326,17.058282208588956,61.171875,51.4963,10.0515,13.3488,12.329581763959784,12.7948,49.34572681839428,5.4520547945205475
gen3,mod1_pro,cervantesjdj,rsp,4304,5.077602230483271,1290,118,36.3728813559322,61.4375,37.9645,16.4106,20.2965,16.25693285253857,12.4083,65.53209798735051,10.686567164179104
gen2,mod3_pro,villalbadh,mdrlp,16142,5.103704621484327,2108,707,22.333804809052335,61.09947643979058,55.8769,10.4342,13.8403,12.394622321915266,12.0881,49.733025378230394,5.9609375
gen3,mod3_pro,sotoa,grp,29582,4.924616320735582,2393,1045,28.173205741626795,62.90402476780186,46.5695,13.4714,16.7997,14.099421520138117,12.0649,55.68701079339882,7.75044404973357
gen2,mod3_pro,mezary,grp,25132,5.071542256883654,2553,696,35.804597701149426,60.01724137931034,39.2136,15.9879,19.1892,15.199442850719482,13.5636,62.74607996342352,9.811735941320293
gen2,mod1_pro,rosiquela,mdrlp,7256,5.07883131201764,1674,417,16.376498800959233,57.46511627906977,65.1725,7.3986,10.9092,10.56203017326015,11.5835,43.421393988185,4.015358361774744
gen3,mod3_pro,chicastd,nss,18448,5.337001300954033,2915,849,21.462897526501767,54.8008658008658,49.5118,11.5704,15.3444,13.459243299242505,14.3736,53.65493676524858,6.858006042296073
gen3,mod3_pro,gonzalezd,grdlr,10993,5.212407895933776,2007,526,20.640684410646386,59.40625,54.1876,10.4214,14.0012,12.794427356857797,13.2602,52.276378872208866,6.453047775947281
gen3,mod1_pro,rodriguezv,mdrl,1576,4.685279187817259,422,75,20.96,58.0,58.0973,10.1245,12.7073,11.516551272059615,10.4224,47.777821973685235,5.594936708860759
gen2,mod3_pro,ucop,grdlr,18329,4.8349064324294835,2122,716,24.134078212290504,58.262443438914026,66.4369,7.9676,11.5816,10.954525650889444,10.5157,41.21392405023229,4.059390048154093
gen3,mod1_pro,sombrai,rsp,5316,4.882242287434161,1237,227,23.281938325991188,60.38709677419355,58.4489,10.8207,14.3696,12.603240193925288,11.3076,51.571475358480356,6.609053497942387
gen2,mod3_pro,buenfilv,nsrh,11734,5.030424407704108,1678,577,19.91681109185442,57.66423357664234,60.496,9.5415,13.1014,11.930326597489586,12.072,47.412196316758255,5.428152492668621
gen3,mod3_pro,villalobosl,grdlr,13277,4.996158770806658,1733,627,20.559808612440193,60.58860759493671,63.0993,8.6815,11.8597,11.244453559378792,11.6296,46.54780095680252,5.129227053140097
gen2,mod1_pro,reynosopn,grdlr,4194,4.8159275154983305,909,144,28.90277777777778,59.1875,58.582,12.0443,16.2536,13.30515982498112,12.3936,54.206274406552204,7.337423312883436
gen3,mod3_pro,ramosldc,ado,13382,5.006575997608728,2014,453,29.077262693156733,60.07096774193548,46.0847,13.0421,16.1251,13.851267207105353,13.068,55.999984573737535,7.7839285714285715
gen2,mod3_pro,velazquezml,mdrlp,10297,5.24793629212392,1808,415,24.539759036144577,57.90983606557377,47.0206,12.6632,15.8056,13.577655338156475,13.7088,55.783095562345615,7.631027253668763
gen3,mod3_pro,martinezmm,ado,13259,5.067048797043517,2246,704,18.470170454545453,58.93037974683544,61.15,8.9534,12.4191,11.580975241467286,12.4536,45.77752665607531,4.945562130177515
gen2,mod3_pro,martinezd,grp,21397,4.88096462120858,2588,711,29.904360056258792,61.854166666666664,45.6117,14.1018,17.4192,14.297159220424085,12.2641,56.61318471346645,8.003870967741936
gen2,mod3_pro,diazvm,mdrlp,15197,5.039284069224189,1835,745,20.073825503355703,54.68983957219251,58.6189,9.5549,13.2103,12.160534989918352,11.6274,46.628170448059834,5.214750542299349
gen3,mod3_pro,fragosomdca,rias,22105,4.776792580864058,2042,1000,21.908,60.63414634146341,60.9331,9.9774,13.7636,12.377360168028646,10.8569,47.31593728382306,5.564651162790698
gen3,mod1_pro,vegai,rias,8311,4.778245698471904,1416,457,17.849015317286653,60.291666666666664,62.341,8.5389,11.7614,11.244588004112309,11.5702,45.362716900206166,4.810707456978967
gen3,mod3_pro,deaquinov,grdlr,9787,5.182793501583734,1865,431,22.31322505800464,60.62280701754386,51.8017,11.251,14.6624,13.002958142351348,12.744,51.902766143904785,6.518737672583827
gen3,mod3_pro,dominguezpe,nss,17232,4.948177808727948,2298,747,22.850066934404285,61.08762886597938,54.5259,11.3679,15.1197,13.131685352831447,12.4348,51.359332418012926,6.5289765721331685
gen2,mod1_pro,godinezma,cva,5183,5.099749180011576,1160,159,31.70440251572327,59.516129032258064,49.8729,11.7685,14.8764,13.166627950635338,13.0054,54.36527440315561,7.186234817813765
gen2,mod3_pro,davalosph,cva,12407,4.653260256306924,1955,584,20.90582191780822,59.36363636363637,66.2791,8.7349,12.1758,11.216506615729402,10.4903,43.68215719922919,4.723279648609077
gen2,mod1_pro,villanuevai,grdlr,4203,4.791339519390911,888,175,23.942857142857143,61.06122448979592,59.0782,10.7329,13.7727,12.041351212403583,11.5363,51.161173064613685,6.5132275132275135
gen3,mod3_pro,santiagol,rias,12061,5.406351048835088,2184,481,24.82952182952183,60.60689655172414,36.3367,14.4018,17.0284,14.55592167863285,16.1989,59.11511925882121,8.558052434456929
gen2,mod1_pro,martinezrm,grp,9447,4.938181433259236,1676,509,18.229862475442044,59.481818181818184,63.6133,8.8583,12.7697,11.693615322086725,12.3997,46.25161718900179,5.094736842105263
gen2,mod1_pro,coronafm,mdrlp,4565,5.091128148959474,1202,252,17.686507936507937,59.092592592592595,61.3545,8.428,12.1351,11.47184465737741,12.1151,45.218713966167684,4.620253164556962
gen2,mod3_pro,santiagog,mdrlp,11624,5.219803854094976,2216,577,19.915077989601386,61.25,49.7878,11.2835,14.7549,13.067529001046676,13.3565,52.355965814552974,6.47196261682243
gen3,mod1_pro,floressd,rsp,2326,4.953568357695615,619,88,26.09090909090909,55.888888888888886,52.2495,11.437,14.1915,12.50057206515573,13.9351,52.20097559323182,6.6695652173913045
gen2,mod3_pro,olveramt,grdlr,18906,4.859303924679995,2548,944,19.66207627118644,60.82272727272727,57.9596,9.6468,12.733,11.668010648479301,11.5678,44.627559967460606,4.801971326164875
gen3,mod3_pro,lopeza,grdlr,11456,5.224511173184357,2144,479,23.630480167014614,60.19259259259259,45.3788,12.3953,15.4222,13.64351462956315,13.5392,55.0994164485206,7.365137614678899
gen2,mod1_pro,maganad,cva,4657,4.899935580846038,1087,213,21.615023474178404,59.056603773584904,53.8859,10.7119,13.793,12.473592453493838,11.9388,49.29777879100939,5.916317991631799
gen2,mod3_pro,moguelcg,cva,13715,4.935836675173168,2112,578,22.986159169550174,57.26219512195122,63.6423,9.1026,12.7344,11.64426094194711,11.8788,46.57252394532059,5.271832718327183
gen3,mod1_pro,tellor,rias,5769,4.915236609464379,1130,207,27.42512077294686,58.92424242424242,56.146,11.1419,14.0765,12.351563369391101,11.936,52.24964354449257,6.776061776061776
gen2,mod1_pro,romanb,rsp,2377,5.086243163651662,708,99,23.393939393939394,60.629629629629626,52.3135,10.9312,13.4609,12.070039966835868,13.1667,48.985198487942434,5.8046875
gen2,mod1_pro,marquezmy,rsp,6393,5.030658532770217,1520,305,20.42295081967213,58.98684210526316,62.4456,8.7727,12.7116,11.798826901281197,13.359,47.104852373716945,5.176178660049628
gen3,mod1_pro,martinezk,ado,3888,5.050925925925926,1012,200,18.97,56.8125,62.0751,9.0728,12.2237,11.258576247311218,12.7125,48.338793916664756,5.473469387755102
gen3,mod1_pro,lopeza,grdlr,5640,5.097695035460993,1478,236,23.673728813559322,61.323076923076925,45.1136,12.6807,15.7141,13.665138243134674,12.9182,53.89545195515345,7.127413127413128
gen3,mod1_pro,ortizmp,ado,4071,4.777695897813805,1012,116,34.81896551724138,60.02173913043478,50.174,13.7139,17.1041,13.802298605964094,10.9655,56.65922920892495,7.979310344827586
gen3,mod1_pro,perezb,ado,5399,5.393776625300982,1553,202,26.47029702970297,61.903225806451616,33.5755,14.7869,17.3767,14.916741736920129,14.9713,56.95427402303906,8.030567685589519
gen2,mod3_pro,lizamaym,grp,16165,4.903309619548407,1691,511,31.320939334637966,60.81182795698925,44.829,13.9626,17.4075,14.567676078116527,12.2983,57.70819499812607,8.325463743676222
gen2,mod3_pro,maganad,cva,11707,4.945502690697873,1742,557,20.798922800718135,58.78195488721804,56.9838,10.0314,13.2887,12.233805168766386,12.0416,48.62730722183824,5.7240829346092506
gen2,mod1_pro,ovandoca,rias,1912,4.701359832635983,593,74,24.89189189189189,58.36363636363637,63.3186,9.1478,11.6866,10.658240571348529,13.3134,42.01649106733853,4.378378378378378
gen2,mod3_pro,vilchisv,nsrh,14529,5.032899717805768,2087,579,24.82901554404145,62.36585365853659,50.5464,11.923,15.4214,13.566635543439668,12.4035,54.53864297113645,7.324574961360123
gen3,mod1_pro,padillaa,ado,4198,5.52120057170081,1153,208,19.85576923076923,55.56603773584906,37.402,12.5142,15.529,13.61764451279096,15.231,55.47111742424242,6.75390625
gen3,mod1_pro,romerog,mdrlp,5391,5.0228158041179745,1281,194,27.45876288659794,60.125,51.8456,11.4933,14.6377,12.952175718239582,13.1984,51.253822911582006,6.477099236641221
gen2,mod3_pro,ruelasj,rias,2756,4.70210449927431,701,145,18.93103448275862,60.43333333333333,64.3655,9.0018,12.4108,11.466277360740863,10.8146,45.44009613640486,5.080536912751678
gen3,mod3_pro,garciame,nss,21231,5.167679336818803,2770,1028,20.443579766536963,58.41501976284585,51.7038,11.0163,14.3691,12.9296224801048,14.1481,52.3521020366658,6.545454545454546
gen2,mod3_pro,pizja,grp,13844,5.138760473851488,2190,672,20.430059523809526,61.00636942675159,49.4105,11.0877,14.6477,13.263728832868484,12.7597,51.10533918762236,6.2132253711201075
gen3,mod1_pro,chicastd,nss,4245,5.232744405182568,1133,206,20.12621359223301,58.18,54.6543,9.611,12.8098,11.981724672459784,12.4167,49.44042599260249,5.480565371024735
gen2,mod1_pro,britob,mdrlp,5102,4.878479027832222,1195,164,30.50609756097561,58.666666666666664,58.256,10.8476,13.3532,11.641649818638964,12.3059,51.364152256791584,6.5665236051502145
gen2,mod3_pro,lopezne,ado,16418,4.726032403459618,1774,549,29.615664845173043,61.02162162162162,54.2423,12.1527,15.9344,13.424811352217521,10.7197,51.97024964340666,6.7518796992481205
gen2,mod3_pro,villanuevai,grdlr,16603,4.838161777991929,1727,817,20.189718482252143,58.68062827225131,55.3763,10.504,13.1201,11.84754597430507,11.5873,48.021641464356165,5.633720930232558
gen3,mod1_pro,salgadomm,grp,4541,4.7907949790794975,885,126,35.817460317460316,56.19230769230769,49.3135,15.3245,18.6114,13.793347505059007,11.1196,61.700152110259,9.153284671532846
gen2,mod3_pro,martinezk,nsrh,13415,5.527469250838614,2002,655,20.015267175572518,61.380645161290325,97.3456,7.8797,17.3276,13.192724150871717,14.1599,54.82194990629891,7.135467980295567
gen2,mod1_pro,sacnhezm,rias,3194,4.36756418284283,725,144,22.055555555555557,56.972972972972975,70.5283,8.639,11.7851,10.401527456927536,10.2133,43.88621775961266,4.813664596273292
gen2,mod3_pro,marquezmy,rsp,19448,5.148807075277664,2924,918,20.688453159041394,58.55172413793103,53.1317,10.0718,13.5235,12.51907379724765,12.7401,48.64095401054861,5.511489361702128
gen3,mod3_pro,floresg,grdlr,14107,5.310767703976749,2603,682,20.318181818181817,60.872727272727275,47.2232,10.8959,14.3445,13.003520507062065,13.7205,51.20017921884016,5.927230046948357
gen2,mod3_pro,alvareza,ado,7501,4.893614184775363,1629,240,31.0125,61.5632183908046,49.701,13.7799,17.535,14.162371618342824,12.5373,57.45866468800591,8.237226277372264
gen2,mod3_pro,chavezfr,cva,15120,5.083862433862434,1820,659,22.786039453717756,60.907514450867055,49.9444,12.0069,15.5947,13.508269544199907,12.6072,52.911748248088486,6.88135593220339
gen2,mod3_pro,avileslm,grdlr,13307,4.766213271210641,1925,495,26.78989898989899,62.520270270270274,50.0824,12.733,15.723,13.371024035016202,12.109,53.11075702676209,7.050387596899225
gen3,mod1_pro,villedal,grdlr,4498,5.2972432192085375,1170,182,24.17032967032967,60.339622641509436,52.0239,10.9716,14.2946,12.942874810318738,13.2974,53.602624824545515,6.839662447257384
gen3,mod1_pro,villalobosl,grdlr,5494,4.953039679650528,1175,207,26.22222222222222,63.131147540983605,51.3414,12.0605,14.97,13.012812305062461,12.2952,54.936080848098015,7.478632478632479
gen2,mod3_pro,cortesrm,grdlr,12997,5.139262906824652,2123,734,16.980926430517712,55.93251533742331,63.0712,8.1886,11.8184,11.167215364714417,13.2623,46.77033023766313,4.812625250501002
gen2,mod1_pro,santiagog,mdrlp,4368,4.937042124542124,1086,219,19.748858447488583,61.7,63.5746,9.1121,13.0132,11.884504838735145,11.2143,48.34228568269151,5.618852459016393
gen2,mod1_pro,velazquezml,mdrlp,4340,5.130184331797235,1031,145,29.8,59.68,48.408,14.2086,17.7065,14.113347538275473,13.4684,61.45724259001095,9.441558441558442
gen3,mod1_pro,gonzalezj,grp,7706,5.219439397871788,1687,284,26.62676056338028,58.03225806451613,44.1221,12.819,16.2385,14.210114480533491,14.3802,56.50100479709582,7.783333333333333
gen2,mod3_pro,moralesam,mdrlp,11043,4.840532464004347,1854,383,28.362924281984334,57.35338345864662,56.1186,11.6426,15.0913,12.873432157901684,12.105,52.6683899358459,6.928425357873211
gen2,mod3_pro,alvareza,grdlr,11207,4.792897296332649,1838,419,26.58711217183771,61.41269841269841,57.8295,11.6524,15.5999,13.224650520231465,11.3554,52.84658337241241,6.980434782608696
gen3,mod1_pro,sanchezla,rias,7708,4.963544369486248,1452,240,31.904166666666665,62.63953488372093,44.068,14.5656,17.951,14.647603473104098,15.0299,58.8598030588161,8.651851851851852
gen3,mod1_pro,arzatet,grdlr,3241,5.238506633755014,952,127,25.30708661417323,59.0,48.9321,12.3966,15.6028,13.514178294354696,12.7815,55.823971647465655,7.678082191780822
gen3,mod3_pro,ortizmp,ado,9048,5.132404951370469,1655,214,41.822429906542055,61.00970873786408,33.8675,17.4789,20.8324,16.211181475747356,13.1494,67.54917437893158,11.349442379182156
gen3,mod3_pro,mandujanov,ado,12609,5.1694821159489255,1995,567,22.005291005291006,59.67123287671233,48.7577,11.4272,14.9083,13.337760923519856,13.198,52.670053758094845,6.609422492401216
gen3,mod1_pro,mandujanov,ado,5179,5.036107356632555,1190,231,22.385281385281385,61.08474576271186,49.6434,12.0489,15.0446,13.171604517554664,12.5304,53.18793437234502,6.982905982905983
gen2,mod1_pro,lopezne,ado,5676,4.78276955602537,1117,176,32.11931818181818,62.79365079365079,53.7347,13.7141,17.8302,14.0262843863389,11.0511,58.70026646724601,8.531578947368422
gen3,mod1_pro,gonzalesjp,grdlr,4399,4.853375767219823,1041,207,20.830917874396135,58.57692307692308,63.4502,9.1294,12.137,11.17322576668468,10.8039,45.90503739240864,5.157894736842105
gen2,mod3_pro,reynosopn,grdlr,10486,4.954987602517643,1526,447,22.624161073825505,57.496,62.0181,8.8323,12.5118,11.628023728647827,12.4227,44.75663645136064,4.757800891530461
gen2,mod3_pro,veraal,grdlr,7234,5.062620956593863,1360,396,18.015151515151516,60.05952380952381,53.6594,9.9982,12.8228,11.838521880187246,13.3906,48.07331904256776,5.323008849557522
gen3,mod3_pro,quezadama,ado,8148,5.30081001472754,1807,323,24.972136222910216,60.410526315789475,41.7565,13.149,16.3967,14.192657885917049,14.6847,56.46791788988607,7.7191601049868765
gen3,mod1_pro,canadaa,nss,5332,4.990247561890473,1300,167,31.491017964071855,59.79032258064516,47.8391,13.7911,17.8906,14.806521053804945,13.3545,58.878787878787875,8.666666666666666
gen3,mod1_pro,garciafj,grp,5153,4.671647583931691,1131,234,21.935897435897434,60.271186440677965,59.6267,10.408,13.1053,11.504331334812994,10.424,46.88889230527981,5.485477178423237
gen2,mod1_pro,nolazcoka,rsp,3644,4.978869374313941,1031,160,21.76875,53.97826086956522,60.8609,9.4906,12.226,11.186473515736383,11.5248,47.64707657315157,5.472477064220183
gen3,mod3_pro,contrerasa,grdlr,9429,5.106692120055149,1646,442,20.92760180995475,58.99074074074074,55.6777,9.9651,13.3701,12.363047936792093,12.7464,49.71668295861844,5.82962962962963
gen2,mod3_pro,moralesoa,grp,21049,4.805786498170934,3327,895,23.3731843575419,60.81927710843374,54.2324,11.4088,14.584,12.646019141552012,12.3164,48.42044282781619,5.847715736040609
gen2,mod1_pro,quezadaa,grdlr,6460,4.771826625386997,1249,411,15.306569343065693,60.01315789473684,72.7638,6.5882,10.2714,10.0222319023718,11.1111,41.24302765066313,3.8238866396761133
gen3,mod1_pro,cruzod,rias,4535,4.985226019845645,1061,131,33.7557251908397,57.51851851851852,49.5489,12.3105,15.449,13.41774504222031,13.0431,54.28249843626771,7.3088235294117645
gen2,mod3_pro,acevesj,cva,8757,5.128240264930913,1557,390,21.05128205128205,54.44444444444444,62.5115,8.2666,11.5182,10.943066642821757,11.7938,46.05498979172004,4.696923076923077
gen3,mod1_pro,ruizjf,rias,4307,4.815648943580218,1048,177,24.096045197740114,62.42857142857143,58.7937,10.5242,14.2088,12.607689228305228,10.6765,49.165118277560175,6.009615384615385
gen3,mod1_pro,triulzio,mdrlp,5921,5.13882790069245,1368,274,21.124087591240876,57.97222222222222,55.1946,10.2809,13.8302,12.62738631011445,15.0396,51.60406769762923,6.3014925373134325
gen2,mod3_pro,oteroad,grp,16160,5.136200495049505,2085,665,23.685714285714287,57.84126984126984,47.413,11.6147,14.8424,13.177537212440859,13.8444,51.95104228937374,6.411901983663944
gen2,mod1_pro,martinezd,grp,8453,4.741275286880398,1499,248,33.99596774193548,62.5531914893617,49.0975,14.8578,18.8092,14.61147082958291,12.1836,59.69425756671225,8.691119691119692
